<?xml version="1.0" encoding="UTF-8"?>
<beans xmlns="http://www.springframework.org/schema/beans"
	xmlns:xsi="http://www.w3.org/2001/XMLSchema-instance" xmlns:p="http://www.springframework.org/schema/p"
	xmlns:mvc="http://www.springframework.org/schema/mvc" xmlns:context="http://www.springframework.org/schema/context"
	xmlns:rabbit="http://www.springframework.org/schema/rabbit" xmlns:util="http://www.springframework.org/schema/util"
	xmlns:jdbc="http://www.springframework.org/schema/jdbc"
	xsi:schemaLocation="http://www.springframework.org/schema/beans   
  http://www.springframework.org/schema/beans/spring-beans-4.0.xsd   
  http://www.springframework.org/schema/context   
  http://www.springframework.org/schema/context/spring-context-4.0.xsd
  http://www.springframework.org/schema/rabbit 
  http://www.springframework.org/schema/rabbit/spring-rabbit-1.2.xsd
  http://www.springframework.org/schema/util
  http://www.springframework.org/schema/util/spring-util-4.0.xsd
  http://www.springframework.org/schema/beans 
  http://www.springframework.org/schema/beans/spring-beans.xsd
  http://www.springframework.org/schema/jdbc 
  http://www.springframework.org/schema/jdbc/spring-jdbc-4.0.xsd
  http://www.springframework.org/schema/mvc
  http://www.springframework.org/schema/mvc/spring-mvc-4.0.xsd">
	<context:component-scan base-package="com.spring" />
	<!-- annotation이 추가된 인스턴스가 생성되게 하려면 annotation-config 빈을 등록해야 한다. -->
	<context:annotation-config />
	<util:properties id="twitter4jprops"
		location="classpath:local/twitter/twitter4j.properties" />
	<util:properties id="hibernateProps"
		location="classpath:local/db/hibernate/hibernate.properties" />
	<util:properties id="mybatisProps"
		location="classpath:local/db/mybatis/mybatis.properties" />
	<bean class="org.apache.commons.dbcp.BasicDataSource"
		destroy-method="close" id="dataSource">
		<property name="driverClassName" value="com.mysql.jdbc.Driver" />
		<property name="url" value="jdbc:mysql://localhost:3306/test" />
		<property name="username" value="mysql" />
		<property name="password" value="12341234" />
	</bean>
	<bean class="org.apache.commons.dbcp.BasicDataSource"
		destroy-method="close" id="dataSource2">
		<property name="driverClassName" value="com.mysql.jdbc.Driver" />
		<property name="url" value="jdbc:mysql://localhost:3306/test" />
		<property name="username" value="mysql" />
		<property name="password" value="12341234" />
	</bean>
	<!-- Hibernate config -->
	<bean id="sessionFactory"
		class="org.springframework.orm.hibernate3.annotation.AnnotationSessionFactoryBean">
		<property name="dataSource" ref="dataSource" />
		<property name="annotatedClasses">
			<list>
				<value>com.hibernate.vo.Types</value>
			</list>
		</property>
		<property name="hibernateProperties">
			<props>
				<prop key="hibernate.dialect">${hibernate.mysql.dialect}</prop>
				<prop key="hibernate.show_sql">true</prop>
				<prop key="hibernate.format_sql">true</prop>
				<prop key="hibernate.hbm2ddl.auto">validate</prop>
			</props>
		</property>
	</bean>
	<bean id="hibernateTemplate" class="org.springframework.orm.hibernate3.HibernateTemplate">
		<property name="sessionFactory" ref="sessionFactory" />
	</bean>
	<bean id="transactionManager"
		class="org.springframework.orm.hibernate3.HibernateTransactionManager">
		<property name="sessionFactory" ref="sessionFactory" />
	</bean>
	<!-- Mybatis config -->
	<bean id="sqlSessionFactory" class="org.mybatis.spring.SqlSessionFactoryBean">
		<property name="dataSource" ref="dataSource" />
		<property name="configLocation" value="classpath:/local/sql/mybatis-config.xml"></property>
	</bean>
	<bean id="sqlSessionTemplate" class="org.mybatis.spring.SqlSessionTemplate">
		<constructor-arg ref="sqlSessionFactory" />
	</bean>
	<bean id="sqlSessionFactory2" class="org.mybatis.spring.SqlSessionFactoryBean">
		<property name="dataSource" ref="dataSource2" />
		<property name="configLocation" value="classpath:/local/sql/mybatis-config.xml"></property>
	</bean>
	<bean id="sqlSessionTemplate2" class="org.mybatis.spring.SqlSessionTemplate">
		<constructor-arg ref="sqlSessionFactory2" />
	</bean>
	<!-- Hibernate DAO -->
	<bean id="hibernateDao" class="com.hibernate.dao.HibernateDao">
		<property name="sessionFactory" ref="sessionFactory" />
	</bean>
	<!-- Mybatis DAO -->
	<bean id="mybatisDao" class="com.mybatis.dao.MybatisDao">
	</bean>
	<bean id="mybatisDao2" class="com.mybatis.dao.MybatisDao2">
	</bean>
	<!-- custom beans -->
	<bean id="configProperty" class="com.spring.ConfigProperty" />
</beans>  